id,first_name,last_name,email,date_enrolled
4587277,David,Jordan,djordan0@home.pl,3/10/98
3974214,Stephen,Riley,sriley1@hugedomains.com,4/14/00
1529704,Evelyn,Grant,egrant2@livejournal.com,10/8/95
2929889,Joe,Mendoza,jmendoza3@un.org,7/8/96
5252933,Benjamin,Rodriguez,brodriguez4@elpais.com,2/7/95
2212718,Kathleen,Crawford,kcrawford5@cbsnews.com,5/25/95
9842788,Daniel,Marshall,dmarshall6@salon.com,12/9/95
8901487,Diana,Coleman,dcoleman7@amazonaws.com,5/22/95
3823207,Frances,Black,fblack8@webnode.com,9/27/95
3183995,Tammy,Arnold,tarnold9@ebay.co.uk,8/8/97
3083085,Jeffrey,Matthews,jmatthewsa@mapquest.com,2/24/00
1255125,Roy,Harrison,rharrisonb@youtube.com,4/11/98
8556116,Ernest,Bishop,ebishopc@intel.com,3/21/99
7984080,Brian,Griffin,bgriffind@issuu.com,8/21/99
9553943,Alice,Howell,ahowelle@boston.com,3/24/97
3006030,Emily,Garza,egarzaf@51.la,5/6/00
1461797,Sarah,Perez,sperezg@mail.ru,6/13/97
4163298,Earl,Harvey,eharveyh@cpanel.net,9/8/95
5840399,Larry,Watkins,lwatkinsi@archive.org,11/21/00
2903905,Timothy,Edwards,tedwardsj@altervista.org,11/10/96
3000614,Theresa,Phillips,tphillipsk@1688.com,4/21/00
6382674,Timothy,Lawrence,tlawrencel@fema.gov,8/15/95
7566600,Gregory,Daniels,gdanielsm@goo.ne.jp,10/28/96
6640319,Laura,Ross,lrossn@delicious.com,2/21/99
6889978,Martin,Burton,mburtono@stumbleupon.com,1/23/96
9779958,Antonio,Chapman,achapmanp@trellian.com,8/7/00
7462780,Tina,Lawson,tlawsonq@ed.gov,6/1/96
5230351,Heather,Wallace,hwallacer@quantcast.com,9/18/99
2925307,Mary,Stone,mstones@newyorker.com,4/23/99
4938194,Angela,Flores,aflorest@deviantart.com,1/14/99
5954275,Andrew,Hudson,ahudsonu@nymag.com,8/19/99
2658770,Lillian,Boyd,lboydv@forbes.com,7/1/00
7892163,Julia,Hawkins,jhawkinsw@ocn.ne.jp,8/24/98
4507232,Alice,Sullivan,asullivanx@shinystat.com,12/7/95
7027859,Adam,Tucker,atuckery@nasa.gov,4/23/00
5327057,Rebecca,Fernandez,rfernandezz@symantec.com,12/24/97
4113628,Frank,Bailey,fbailey10@google.com.hk,11/12/95
6722486,Julia,Stephens,jstephens11@storify.com,4/8/96
1912336,Ann,Carroll,acarroll12@msu.edu,9/4/97
9358094,Kenneth,Duncan,kduncan13@ehow.com,11/3/99
9816063,Roy,Flores,rflores14@ameblo.jp,11/17/99
9939926,Gary,Dixon,gdixon15@jiathis.com,3/15/97
5164700,Lois,Pierce,lpierce16@surveymonkey.com,1/13/96
4534516,Barbara,Olson,bolson17@desdev.cn,9/17/97
6182026,Brian,Daniels,bdaniels18@yelp.com,9/18/00
6500042,Helen,Campbell,hcampbell19@patch.com,2/20/97
1122535,Adam,Banks,abanks1a@cam.ac.uk,1/16/98
2433448,Frank,Murray,fmurray1b@ning.com,6/16/96
8044832,Christina,Edwards,cedwards1c@stumbleupon.com,11/3/98
4619106,Stephanie,Gonzalez,sgonzalez1d@patch.com,2/15/97
7275970,Steven,Peterson,speterson1e@alibaba.com,8/1/95
1266760,Robin,Sims,rsims1f@globo.com,6/13/95
9505375,Gerald,Dean,gdean1g@prnewswire.com,7/1/99
1882610,Kimberly,Ellis,kellis1h@mail.ru,2/4/98
7604388,Brandon,Franklin,bfranklin1i@php.net,4/25/95
7678360,Jane,Fuller,jfuller1j@nationalgeographic.com,7/19/99
9567655,Andrew,Richardson,arichardson1k@mit.edu,11/24/96
4394502,Adam,Robertson,arobertson1l@webmd.com,8/16/95
4924424,Stephen,Hunt,shunt1m@eepurl.com,6/27/98
6380575,Amanda,Carter,acarter1n@hc360.com,9/14/99
2144691,Elizabeth,Edwards,eedwards1o@fotki.com,12/7/95
9786379,Anna,Moreno,amoreno1p@linkedin.com,12/22/00
8455668,Rebecca,Fisher,rfisher1q@weebly.com,8/23/96
9016931,Jesse,Payne,jpayne1r@wufoo.com,12/22/96
4000058,Tammy,Spencer,tspencer1s@newyorker.com,8/23/00
4472060,Dorothy,Thomas,dthomas1t@moonfruit.com,2/10/98
4065447,Gerald,Weaver,gweaver1u@sphinn.com,11/16/98
2868144,Shawn,Dean,sdean1v@boston.com,2/13/98
3461599,Rebecca,George,rgeorge1w@wikispaces.com,11/16/97
3670304,Gerald,Johnson,gjohnson1x@rambler.ru,6/3/99
5790062,Norma,Cox,ncox1y@pcworld.com,11/28/96
2599782,Juan,Woods,jwoods1z@ask.com,5/20/95
4723012,Terry,Ramos,tramos20@sitemeter.com,9/16/96
6011909,David,Anderson,danderson21@ucoz.com,10/15/95
3226799,Donald,Morgan,dmorgan22@wiley.com,6/15/96
1422946,Billy,Bryant,bbryant23@hatena.ne.jp,4/27/98
1635034,Willie,Stone,wstone24@4shared.com,1/18/97
5109916,Terry,Porter,tporter25@mediafire.com,11/2/99
7316229,Gloria,Edwards,gedwards26@discuz.net,1/8/98
1664488,Janice,Payne,jpayne27@prnewswire.com,11/5/95
6010964,Aaron,Black,ablack28@xing.com,7/14/96
9393956,Joshua,Nichols,jnichols29@sciencedaily.com,8/28/95
4691471,Donna,Ramos,dramos2a@whitehouse.gov,3/7/97
1898410,Johnny,Romero,jromero2b@ed.gov,11/25/97
4189078,Paula,Nelson,pnelson2c@wordpress.com,11/1/96
6143204,Jack,Hamilton,jhamilton2d@scientificamerican.com,2/22/97
9500747,Howard,Hart,hhart2e@ted.com,7/6/00
5112409,Frank,Kim,fkim2f@foxnews.com,6/10/95
7964802,Mildred,Jenkins,mjenkins2g@livejournal.com,9/1/99
6942942,Betty,Dunn,bdunn2h@admin.ch,4/27/95
5511259,Anna,Porter,aporter2i@unc.edu,6/27/98
7263907,Ann,Spencer,aspencer2j@sina.com.cn,4/19/98
3618177,Nicole,Cunningham,ncunningham2k@hugedomains.com,12/24/97
4018955,Patricia,Dunn,pdunn2l@4shared.com,8/12/97
8115744,Scott,Garrett,sgarrett2m@themeforest.net,4/5/95
5553789,Adam,Banks,abanks2n@scientificamerican.com,1/13/97
5327589,Antonio,Franklin,afranklin2o@loc.gov,6/8/98
8884824,Joe,Allen,jallen2p@quantcast.com,10/19/97
3948504,Rebecca,Russell,rrussell2q@wordpress.com,1/16/95
6033911,Kathy,Sanchez,ksanchez2r@ebay.co.uk,9/28/97